{
  "1": {
    "sin_doy": 19.181547546386717,
    "cos_doy": 66.43708419799805,
    "lag_1": 2094.63564453125,
    "lag_2": 50.38011627197265,
    "lag_3": 14.056440925598144,
    "lag_4": 14.20857276916504,
    "lag_5": 14.916024971008301,
    "lag_6": 15.407056999206542,
    "lag_7": 15.31227512359619,
    "lag_8": 16.13040237426758,
    "lag_9": 17.352534103393555,
    "lag_10": 15.162028312683105,
    "lag_11": 14.855525398254395,
    "lag_12": 16.125206184387206,
    "lag_13": 17.427422714233398,
    "lag_14": 19.04765625,
    "rollmean_7": 457.58421020507814,
    "rollmean_14": 340.2688903808594
  },
  "3": {
    "sin_doy": 41.307291412353514,
    "cos_doy": 180.00411987304688,
    "lag_1": 495.0953674316406,
    "lag_2": 34.98048477172851,
    "lag_3": 17.95468063354492,
    "lag_4": 18.97161865234375,
    "lag_5": 18.508203506469727,
    "lag_6": 18.9361629486084,
    "lag_7": 19.576937103271483,
    "lag_8": 18.610362243652343,
    "lag_9": 19.477727127075195,
    "lag_10": 19.73473701477051,
    "lag_11": 19.726176834106447,
    "lag_12": 20.577060317993165,
    "lag_13": 23.425006484985353,
    "lag_14": 24.86333808898926,
    "rollmean_7": 3177.21142578125,
    "rollmean_14": 451.7488525390625
  },
  "7": {
    "sin_doy": 88.88988189697265,
    "cos_doy": 528.7574096679688,
    "lag_1": 285.41148071289064,
    "lag_2": 21.33778305053711,
    "lag_3": 20.01189765930176,
    "lag_4": 18.83373146057129,
    "lag_5": 19.431903076171874,
    "lag_6": 20.207751083374024,
    "lag_7": 19.544860076904296,
    "lag_8": 21.555031967163085,
    "lag_9": 25.548688888549805,
    "lag_10": 25.750183868408204,
    "lag_11": 22.268120956420898,
    "lag_12": 20.950938034057618,
    "lag_13": 21.441243743896486,
    "lag_14": 23.189693450927734,
    "rollmean_7": 2810.009716796875,
    "rollmean_14": 335.6189270019531
  },
  "14": {
    "sin_doy": 102.20499267578126,
    "cos_doy": 2459.820263671875,
    "lag_1": 211.4048858642578,
    "lag_2": 52.782919311523436,
    "lag_3": 26.245506286621094,
    "lag_4": 20.321364974975587,
    "lag_5": 19.386193084716798,
    "lag_6": 19.58036003112793,
    "lag_7": 21.03853073120117,
    "lag_8": 21.198056793212892,
    "lag_9": 22.30592613220215,
    "lag_10": 22.621431350708008,
    "lag_11": 23.05071105957031,
    "lag_12": 22.801079177856444,
    "lag_13": 27.384746932983397,
    "lag_14": 31.251160430908204,
    "rollmean_7": 394.081005859375,
    "rollmean_14": 110.44058227539062
  },
  "30": {
    "sin_doy": 119.94564819335938,
    "cos_doy": 2391.63642578125,
    "lag_1": 202.78871154785156,
    "lag_2": 18.15989570617676,
    "lag_3": 19.12977409362793,
    "lag_4": 19.437702560424803,
    "lag_5": 19.112956619262697,
    "lag_6": 18.79348220825195,
    "lag_7": 20.84319152832031,
    "lag_8": 21.3634765625,
    "lag_9": 21.366488647460937,
    "lag_10": 22.174458694458007,
    "lag_11": 20.83964729309082,
    "lag_12": 23.135711669921875,
    "lag_13": 24.739724349975585,
    "lag_14": 27.43370246887207,
    "rollmean_7": 201.074462890625,
    "rollmean_14": 91.04276123046876
  }
}